name,examScore,email
Declan Waller,49,eu@outlook.edu
Oliver Peterson,86,nec@google.com
Cameran Martinez,14,dolor.dapibus@aol.org
Olga Floyd,97,aliquet.metus@hotmail.net
Leonard Levy,12,malesuada.fringilla.est@yahoo.ca
Vladimir Jacobs,17,cras@yahoo.org
Blake Howell,81,id.libero@protonmail.org
Nissim Mitchell,34,montes@google.org
Brenna Barrett,87,at.velit@aol.net
Gareth Graves,83,curae.phasellus@icloud.com
Hu Boyer,59,erat.sed.nunc@hotmail.com
Kadeem Lynn,53,ac.mattis@yahoo.net
Ethan Webster,100,a.arcu@outlook.couk
Nasim Owens,4,at.egestas@protonmail.com
Quinn Case,71,curabitur.massa.vestibulum@yahoo.com
Rhoda Franks,98,nisi.mauris.nulla@protonmail.ca
Marah Mayer,89,integer.id@aol.com
Chelsea Fernandez,24,lorem.vehicula@icloud.net
Ivy Blackwell,52,bibendum.ullamcorper@google.edu
Haviva Mack,50,aliquam.erat.volutpat@google.net
Colby Johns,42,maecenas@yahoo.com
Kyra Kirby,72,semper.egestas.urna@protonmail.com
Tashya Delaney,71,lorem.vehicula.et@protonmail.net
Samson Fox,89,duis.mi.enim@icloud.couk
Tanya Mcintyre,31,ultricies.adipiscing@icloud.com
Troy Kennedy,36,taciti@protonmail.ca
Hashim Harrison,3,dictum.phasellus@hotmail.org
Colby Johnston,89,nec.urna@icloud.ca
Ria Bullock,89,massa.mauris@aol.couk
Cleo Wood,84,aliquet@aol.edu
Caesar Harrell,83,dapibus.id@google.edu
Nathan Callahan,84,magna.sed.eu@google.ca
Carol Bush,30,augue.eu@icloud.com
Timothy Ballard,64,integer@protonmail.com
Nomlanga Alston,100,curabitur.consequat@aol.com
Kathleen Gardner,83,aliquet.metus.urna@icloud.ca
Ria Christensen,13,mus.proin@protonmail.ca
Judah Torres,9,eu.dui@protonmail.com
Wanda Terry,43,et@hotmail.com
Ria Potter,68,aenean.sed@google.net
Quamar Thompson,77,non.sapien@hotmail.couk
Rachel Calderon,52,sit@icloud.ca
Dane Hurley,67,rutrum.magna.cras@protonmail.ca
Molly Merritt,37,volutpat.ornare.facilisis@outlook.net
Ishmael Molina,28,tellus.phasellus@icloud.org
Amity Simpson,18,ornare.in@icloud.org
Noelle Parrish,1,amet.risus@hotmail.org
Alexander Mcfarland,9,non@yahoo.edu
Brianna Franklin,62,a.facilisis@protonmail.ca
Amena Mcintosh,37,elit.a@icloud.com
Hermione David,65,metus@icloud.net
Grant Bowman,68,dictum.eu@icloud.org
Carlos Cleveland,69,donec@icloud.couk
Robert Avila,86,nec.mollis@outlook.couk
Griffin Cooper,86,suspendisse@icloud.net
Christian Simmons,34,odio.nam.interdum@yahoo.edu
Delilah Talley,70,vitae.diam@hotmail.org
Dahlia Irwin,37,nonummy.ac.feugiat@yahoo.ca
Eve Kline,79,et.magnis@outlook.couk
Ariana Mendoza,38,ut.nisi@icloud.net
Brooke Boyd,1,rutrum@icloud.net
Steven House,22,ligula.consectetuer@google.org
Kyra Knapp,42,ipsum.primis.in@protonmail.edu
Patricia Keith,7,posuere@yahoo.com
Miriam Hess,97,urna.vivamus@protonmail.edu
Micah Holmes,60,neque.nullam@aol.ca
Kitra Walls,95,urna.vivamus@outlook.net
Julian Orr,21,egestas.fusce@icloud.com
Hu Vazquez,22,accumsan@icloud.net
Emerson Olsen,83,id.blandit@aol.ca
Zephr Joyner,84,vestibulum.accumsan@aol.com
Hiroko Pickett,17,aliquam.erat.volutpat@outlook.org
Robin Grant,38,turpis.vitae@yahoo.com
Dolan Larson,78,nulla@google.net
Guy Lambert,96,aliquam@google.edu
Indira Brennan,2,imperdiet.dictum.magna@icloud.couk
Jordan Wolf,1,cursus@hotmail.net
Kadeem Moss,32,arcu.vel@hotmail.ca
Ashton Puckett,18,dolor.dolor.tempus@aol.com
Camilla Tran,21,nunc.ac@aol.com
Lee Gamble,87,tellus.suspendisse@hotmail.org
Mona Beach,47,aliquet@hotmail.com
Dolan Molina,49,iaculis.quis@outlook.ca
Meredith Jefferson,54,dui.fusce@aol.org
Damian Christian,71,aliquam.rutrum.lorem@protonmail.edu
MacKenzie Wood,22,donec.est@yahoo.org
Mohammad Hayden,41,donec.egestas@yahoo.ca
Alexa Gallegos,87,luctus@yahoo.com
Jaquelyn Mcdonald,42,ipsum@outlook.edu
Inga Brennan,54,fringilla@outlook.edu
Shaeleigh Mcclain,35,dolor@yahoo.edu
Maia Casey,59,lobortis.quam.a@google.couk
Amity Curtis,66,ac.mattis@aol.couk
Kirk Mccormick,68,suspendisse@aol.com
Martena Bullock,72,dui.suspendisse@hotmail.com
Sophia Nieves,55,justo.sit@aol.edu
Dante Mack,32,consequat@icloud.couk
Lane Hogan,28,inceptos.hymenaeos.mauris@icloud.org
Carissa Lamb,99,blandit.mattis@protonmail.com
Hermione French,72,dignissim.maecenas@aol.com
